{"steps":[],"failures":[],"skip":{"plugin.akismet\/akismet.php":"skip","plugin.hello.php":"skip","plugin.jetpack\/jetpack.php":"skip","plugin.mojo-marketplace-wp-plugin\/mojo-marketplace.php":"skip","plugin.w3-total-cache\/w3-total-cache.php":"skip"},"output":{"logs":["Starting up.","Starting step addWPDieHandler","Completed step addWPDieHandler.","Starting step prepareForInstallationProcess","Completed step prepareForInstallationProcess.","Starting step checkRequiredFiles","Completed step checkRequiredFiles.","Starting step checkCoreCompatibility","Completed step checkCoreCompatibility.","Starting step wp_check_mysql_version","Completed step wp_check_mysql_version.","Starting step wp_cache_flush","Completed step wp_cache_flush.","Starting step installDatabaseTables","Applied database changes: \nCreated table wp_okzm_users\nCreated table wp_okzm_usermeta\nCreated table wp_okzm_terms\nCreated table wp_okzm_term_taxonomy\nCreated table wp_okzm_term_relationships\nCreated table wp_okzm_commentmeta\nCreated table wp_okzm_comments\nCreated table wp_okzm_links\nCreated table wp_okzm_options\nCreated table wp_okzm_postmeta\nCreated table wp_okzm_posts","Completed step installDatabaseTables.","Starting step populate_options","Completed step populate_options.","Starting step populate_roles","Completed step populate_roles.","Starting step setUpSiteOptions","Completed step setUpSiteOptions.","Starting step createAdminUser","created admin user {\"user_id\":1,\"update\":{\"user_pass\":\"$P$B4JgxYQfeaiROktnQXjM\\\/qhmBMU07E0\"},\"userName\":\"josephineleung106@gmail.com\"}","Completed step createAdminUser.","Starting step installDefaults","Completed step installDefaults.","Starting step flush_rewrite_rules","Completed step flush_rewrite_rules.","Starting step wp_cache_flush","Completed step wp_cache_flush.","Starting step theme.activate","Skipping theme setup","Completed step theme.activate.","Starting step plugin.activateAll","Activating plugin akismet\/akismet.php","Activated plugin akismet\/akismet.php","Activating plugin hello.php","Activated plugin hello.php","Activating plugin jetpack\/jetpack.php","Activated plugin jetpack\/jetpack.php","Activating plugin mojo-marketplace-wp-plugin\/mojo-marketplace.php","Activated plugin mojo-marketplace-wp-plugin\/mojo-marketplace.php","Activating plugin w3-total-cache\/w3-total-cache.php","Activated plugin w3-total-cache\/w3-total-cache.php","Completed plugin activation","Completed step plugin.activateAll."],"softFailures":[]}}